<details> 
<system> 
  <name>Nintendo</name> 
  <path>/roms/Nintendo - Nintendo Entertainment System/</path> 
<show>true</show> 
 </system> 
<system> 
  <name>Super Nintendo</name> 
  <path>/roms/Nintendo - Super Nintendo Entertainment System/</path> 
<show>true</show> 
 </system> 
<system> 
  <name>Nintendo 64</name> 
  <path>/roms/Nintendo - Nintendo 64/</path> 
<show>true</show> 
 </system> 
<system> 
  <name>Playstation</name> 
  <path>/roms/Sony - PlayStation/</path> 
<show>true</show> 
 </system>
<system>
  <name>Playstation Portable</name>
  <path>/roms/Sony - PlayStation Portable/</path>
<show>true</show>
 </system>
<system> 
  <name>Gameboy Advance</name> 
  <path>/roms/Nintendo - Game Boy Advance/</path>
<show>true</show> 
 </system>
<system> 
  <name>Gameboy Colour</name> 
  <path>/roms/Nintendo - Game Boy Color/</path> 
<show>true</show> 
 </system>
</details>