<details> 
<system> 
  <name>Nintendo</name> 
  <path>/Roms/Nes/</path> 
<show>true</show> 
 </system> 
<system> 
  <name>Super Nintendo</name> 
  <path>/Roms/Snes/</path> 
<show>true</show> 
 </system> 
<system> 
  <name>Nintendo 64</name> 
  <path>/Roms/N64/</path> 
<show>true</show> 
 </system> 
<system> 
  <name>Playstation</name> 
  <path>/Roms/Psx/</path> 
<show>true</show> 
 </system>
<system> 
  <name>Gameboy Advance</name> 
  <path>/Roms/Gba/</path>
<show>true</show> 
 </system>
<system> 
  <name>Gameboy Colour</name> 
  <path>/Roms/Gbc/</path> 
<show>true</show> 
 </system>
</details>