<details> 
<system> 
  <name>Nintendo</name> 
  <path>/roms/Nintendo - Nintendo Entertainment System/</path> 
<show>true</show> 
 </system> 
<system> 
  <name>Super Nintendo</name> 
  <path>/roms/Nintendo - Super Nintendo Entertainment System/</path> 
<show>true</show> 
 </system> 
<system> 
  <name>Nintendo 64</name> 
  <path>/roms/Nintendo - Nintendo 64/</path> 
<show>true</show> 
 </system> 
<system> 
  <name>Playstation</name> 
  <path>/roms/Sony - Playstation/</path> 
<show>true</show> 
 </system>
<system> 
  <name>Gameboy Advance</name> 
  <path>/roms/Nintendo - Game Boy Advance/</path>
<show>true</show> 
 </system>
<system> 
  <name>Gameboy Color</name> 
  <path>/roms/Nintendo - Game Boy Color/</path> 
<show>true</show> 
 </system>
<system> 
  <name>Gameboy</name> 
  <path>/roms/Nintendo - Game Boy/</path> 
<show>true</show> 
 </system>
<system> 
  <name>Sega Master System</name> 
  <path>/roms/Sega - Master System - Mark III/</path> 
<show>true</show> 
 </system>
<system> 
  <name>Game Gear</name> 
  <path>/roms/Sega - Game Gear/</path> 
<show>true</show> 
 </system>
<system> 
  <name>Mega Drive</name> 
  <path>/roms/Sega - Mega Drive - Genesis/</path> 
<show>true</show> 
</system>
<system> 
  <name>Sega 32x</name> 
  <path>/roms/Sega - 32X/</path> 
<show>true</show> 
</system>
<system> 
  <name>Sega SG 1000</name> 
  <path>/roms/Sega- SG-1000/</path> 
<show>true</show> 
</system>
<system> 
  <name>Neo Geo Pocket</name> 
  <path>/roms/SNK - Neo Geo Pocket/</path> 
<show>true</show> 
</system>
<system> 
  <name>Neo Geo Pocket Color</name> 
  <path>/roms/SNK - Neo Geo Pocket Color/</path> 
<show>true</show> 
</system>
<system> 
  <name>Virtual Boy</name> 
  <path>/roms/Nintendo - Virtual Boy/</path> 
<show>true</show> 
</system>
<system> 
  <name>Atari 7800</name> 
  <path>/roms/Atari - 7800/</path> 
<show>true</show> 
</system>
<system> 
  <name>Atari Lynx</name> 
  <path>/roms/Atari - Lynx/</path> 
<show>true</show> 
</system>
<system> 
  <name>Wonderswan</name> 
  <path>/roms/Bandai - WonderSwan/</path> 
<show>true</show> 
</system>
<system> 
  <name>WonderSwan Color</name> 
  <path>/roms/Bandai - WonderSwan Color/</path> 
<show>true</show> 
</system>
</details>